Wall time,Step,Value
1581761143.166616,0,0.4625803828239441
1581761218.765074,1,0.3390734791755676
