Wall time,Step,Value
1581761143.167326,0,0.7988888621330261
1581761218.765237,1,0.8573611378669739
1581761293.851385,2,0.8718055486679077
1581761367.961705,3,0.8945833444595337
1581761443.593513,4,0.898888885974884
1581761517.329386,5,0.8991666436195374
1581761590.384848,6,0.9016666412353516
1581761662.864381,7,0.9043055772781372
1581761736.3811,8,0.9126389026641846
1581761809.602518,9,0.9138888716697693
