Wall time,Step,Value
1581521733.804879,0,0.8376851677894592
1581521748.988571,1,0.904703676700592
1581521763.82045,2,0.9169999957084656
1581521774.403362,3,0.9260185360908508
1581521783.194567,4,0.9327037334442139
1581521792.27201,5,0.9380370378494263
1581521803.155546,6,0.9418888688087463
1581521817.300736,7,0.9453333616256714
1581521832.054444,8,0.9489629864692688
1581521845.446299,9,0.9516851902008057
