Wall time,Step,Value
1581771556.135063,0,0.550000011920929
1581771630.44597,1,0.6612499952316284
1581771704.217604,2,0.7437499761581421
1581771778.518023,3,0.7900000214576721
1581771852.636205,4,0.8537499904632568
1581771926.738878,5,0.8187500238418579
1581771999.907189,6,0.8824999928474426
1581772076.708715,7,0.893750011920929
1581772156.084948,8,0.7712500095367432
1581772231.06535,9,0.8087499737739563
