Wall time,Step,Value
1581761143.173164,0,0.4975000023841858
1581761218.768229,1,0.518750011920929
1581761293.854795,2,0.5137500166893005
1581761367.963669,3,0.5525000095367432
1581761443.595729,4,0.731249988079071
1581761517.331179,5,0.7724999785423279
1581761590.386553,6,0.8487499952316284
1581761662.866516,7,0.84375
1581761736.383351,8,0.8974999785423279
1581761809.604859,9,0.8675000071525574
