Wall time,Step,Value
1581763027.288282,0,0.5087500214576721
1581763101.281514,1,0.4937500059604645
1581763175.435778,2,0.5224999785423279
1581763249.340888,3,0.5112500190734863
1581763322.922256,4,0.4937500059604645
1581763397.985086,5,0.49125000834465027
1581763473.114586,6,0.49000000953674316
1581763552.320854,7,0.48750001192092896
1581763628.541344,8,0.4937500059604645
1581763707.359016,9,0.5249999761581421
