Wall time,Step,Value
1584612778.963926,0,0.7583958506584167
1584613570.229099,1,0.8228124976158142
1584614452.723271,2,0.8508958220481873
1584615373.132167,3,0.871298611164093
1584616335.484389,4,0.8870624899864197
1584617267.326392,5,0.8980138897895813
1584617970.609317,6,0.905590295791626
1584618753.676004,7,0.9116666913032532
1584619529.686017,8,0.918298602104187
1584620170.915539,9,0.9216944575309753
1584620816.446331,10,0.9272361397743225
1584621547.551281,11,0.9308263659477234
1584622302.156221,12,0.9346110820770264
1584622986.358815,13,0.937208354473114
1584623676.993913,14,0.941569447517395
1584624534.38687,15,0.9455416798591614
1584625355.028842,16,0.948229193687439
1584626145.557206,17,0.9517291784286499
