Wall time,Step,Value
1581595004.304826,0,0.8736481666564941
1581595011.979068,1,0.9112963080406189
1581595018.948438,2,0.9157222509384155
1581595025.767769,3,0.9196851849555969
1581595032.997281,4,0.9205185174942017
1581595039.820102,5,0.9219814538955688
1581595046.786438,6,0.923203706741333
1581595053.998557,7,0.9245555400848389
1581595061.097967,8,0.9253888726234436
1581595068.030457,9,0.9258148074150085
