Wall time,Step,Value
1583400590.827596,0,0.718500018119812
1583401500.336817,1,0.8509374856948853
1583402307.959995,2,0.8460624814033508
1583403054.624028,3,0.8654375076293945
1583403922.878405,4,0.8794375061988831
1583404715.165038,5,0.8685625195503235
1583405533.613354,6,0.8666250109672546
1583406338.440584,7,0.8749374747276306
1583407135.378273,8,0.8850625157356262
1583408028.868927,9,0.8831250071525574
