Wall time,Step,Value
1581761143.167326,0,0.7988888621330261
1581761218.765237,1,0.8573611378669739
