Wall time,Step,Value
1585166336.356806,0,0.8133264183998108
1585168998.538313,1,0.8631319403648376
1585171655.60999,2,0.8914583325386047
1585174342.678065,3,0.9111388921737671
1585177029.258458,4,0.9227986335754395
1585179707.395883,5,0.9319097399711609
1585182385.339299,6,0.9383333325386047
1585185064.548506,7,0.9451666474342346
1585187736.399536,8,0.9494305849075317
1585190398.881695,9,0.9528889060020447
1585193066.783479,10,0.9572152495384216
1585195737.50443,11,0.9610902667045593
1585198409.694714,12,0.9642013907432556
1585201101.953423,13,0.9663680791854858
1585203793.276228,14,0.9688541889190674
1585206560.379073,15,0.9724444150924683
1585210873.493122,16,0.9756110906600952
1585213551.002511,17,0.9778194427490234
1585216215.939487,18,0.9801458120346069
1585218890.790136,19,0.9817222356796265
1585221556.354579,20,0.9835069179534912
1585224228.328226,21,0.9858402609825134
1585226904.991535,22,0.9871944189071655
1585229918.219626,23,0.9880902767181396
1585235515.020783,24,0.9891389012336731
1585238130.363876,25,0.9897986054420471
1585240729.169396,26,0.9911110997200012
1585243335.451993,27,0.9922361373901367
1585245948.083588,28,0.9923611283302307
1585248575.411818,29,0.9937152862548828
1585251202.342298,30,0.9937360882759094
