Wall time,Step,Value
1581521161.679453,0,0.8220185041427612
1581521172.389368,1,0.9013518691062927
1581521181.075787,2,0.9147962927818298
1581521189.040624,3,0.9221296310424805
1581521196.310247,4,0.9288148283958435
1581521204.756588,5,0.9339629411697388
1581521215.490389,6,0.9380555748939514
1581521222.890261,7,0.9420185089111328
1581521233.692619,8,0.9441111087799072
1581521247.586019,9,0.9471111297607422
