Wall time,Step,Value
1581523862.608935,0,0.8040555715560913
1581523868.905378,1,0.9112777709960938
1581523875.030556,2,0.9304259419441223
1581523881.035779,3,0.9411110877990723
1581523886.782589,4,0.9483703970909119
1581523892.825428,5,0.9527407288551331
1581523898.831273,6,0.9577222466468811
1581523904.960236,7,0.961814820766449
1581523911.859641,8,0.9634073972702026
1581523919.674644,9,0.9664259552955627
