Wall time,Step,Value
1583400590.819339,0,0.7638402581214905
1583401500.330351,1,0.8313680291175842
1583402307.954942,2,0.8502291440963745
1583403054.619189,3,0.8608611226081848
1583403922.873316,4,0.8665902614593506
1583404715.160035,5,0.8736388683319092
1583405533.610025,6,0.8804861307144165
1583406338.437443,7,0.8850833177566528
1583407135.374937,8,0.8916388750076294
1583408028.864884,9,0.8941875100135803
